{
  "project_info": {
    "project_number": "1020224682916",
    "firebase_url": "https://finalprojectservice.firebaseio.com",
    "project_id": "finalprojectservice",
    "storage_bucket": "finalprojectservice.appspot.com"
  },
  "client": [
    {
      "client_info": {
        "mobilesdk_app_id": "1:1020224682916:android:351d6e5efc036ecdfc9f31",
        "android_client_info": {
          "package_name": "com.example.finalproject"
        }
      },
      "oauth_client": [
        {
          "client_id": "1020224682916-6k2uph5vko40qfaklvi3denr5de78435.apps.googleusercontent.com",
          "client_type": 3
        }
      ],
      "api_key": [
        {
          "current_key": "AIzaSyA-A7Qp6bTqhK_Y0WL0V2t3S1T9J6ABqrw"
        }
      ],
      "services": {
        "appinvite_service": {
          "other_platform_oauth_client": [
            {
              "client_id": "1020224682916-6k2uph5vko40qfaklvi3denr5de78435.apps.googleusercontent.com",
              "client_type": 3
            }
          ]
        }
      }
    }
  ],
  "configuration_version": "1"
}